{"rush": 47.8456, "cards": 265.51331, "sets": 511.187023, "speed": 18.20101}