{"bandai": [{"ts": "2023-05-01T01:23:13.125154+00:00", "average": 7.540853, "weight": 1}]}